[{"id":"6282334297175@s.whatsapp.net","uang":63665},{"id":"60133012915@s.whatsapp.net","uang":1178},{"id":"6281575771261@s.whatsapp.net","uang":890},{"id":"6281319944917@s.whatsapp.net","uang":7943},{"id":"6287724880504@s.whatsapp.net","uang":7082},{"id":"6282256080304@s.whatsapp.net","uang":11190},{"id":"6285727888894@s.whatsapp.net","uang":2959},{"id":"60135963519@s.whatsapp.net","uang":291},{"id":"212698007047@s.whatsapp.net","uang":295},{"id":"6285714326725@s.whatsapp.net","uang":876},{"id":"62895405511444@s.whatsapp.net","uang":2663},{"id":"6281352165982@s.whatsapp.net","uang":15334}]