[{"id":"6282334297175@s.whatsapp.net","name":"p","age":"18","time":"31/03 17:50:11","serial":"12390bb9a9faa6a45fbc"},{"id":"60133012915@s.whatsapp.net","name":"AnDray","age":"20","time":"31/03 18:12:20","serial":"aac04e0f36170463ed56"},{"id":"6281575771261@s.whatsapp.net","name":"anif","age":"17","time":"31/03 18:33:00","serial":"9e40288773b14bfb9487"},{"id":"6282256080304@s.whatsapp.net","name":"touch me senpai","age":"17","time":"31/03 18:39:01","serial":"2e634acce4db40330b90"},{"id":"6281319944917@s.whatsapp.net","name":"awoakwok","age":"19","time":"31/03 18:39:23","serial":"c3595fd2766b15226b9d"},{"id":"6287724880504@s.whatsapp.net","name":"Bryan","age":"22","time":"31/03 19:06:09","serial":"c551fc3f8be0f607fead"},{"id":"6285727888894@s.whatsapp.net","name":"affis","age":"18","time":"31/03 19:23:45","serial":"abbca92fdd1b9e6c1331"},{"id":"60135963519@s.whatsapp.net","name":"daftar L4E reiper","age":"19","time":"31/03 23:02:49","serial":"24b9add6f6d0528530e2"},{"id":"212698007047@s.whatsapp.net","name":"affis","age":"17","time":"31/03 23:25:57","serial":"8d47e3dc2dbc62b26bef"},{"id":"6285714326725@s.whatsapp.net","name":"affis","age":"17","time":"31/03 23:26:33","serial":"2397de5f6835d6ebf93e"},{"id":"62895405511444@s.whatsapp.net","name":"derakwkwnn","age":"15","time":"05/04 21:10:35","serial":"612db1eae05fcb52ae31"},{"id":"6281352165982@s.whatsapp.net","name":"anjay","age":"17","time":"05/04 22:04:53","serial":"cbc3f15f1f646a3b5d2f"}]